Date,Time,Transect #,Station #,CTD Cast #,SciGPS-Lat,SciGPS-Lon,EK-38kHz-DepthBelowSurface-M-VALUE,ES-50kHz-DepthBelowTransducer-M
6/13/19,20:41:56,,,,4419.7905N,12419.1427W,77.26,84.62
6/13/19,20:58:37,,,1,4419.7893N,12419.1425W,77.48,85.04
6/13/19,22:58:49,,,,4418.4067N,12418.4701W,74.81,81.13
6/16/19,13:12:54,,Monterey Bay,2,3638.1692N,12153.0783W,61.04,68.78
6/16/19,20:36:41,,Monterey Bay,3,3638.1650N,12153.0805W,63.04,69.69
6/17/19,11:20:34,1,7,4,3423.8309N,12059.9234W,1121.47,0
6/17/19,12:30:50,,9,5,3423.7005N,12108.7306W,-0.03,0
6/17/19,12:53:03,,9,,3423.8349N,12108.5698W,-0.03,0
6/17/19,15:24:03,,9,,3423.8394N,12034.5298W,249.88,143.81
6/17/19,20:50:30,,zPC1,6,3433.8647N,12041.5655W,60.51,67.53
6/17/19,21:01:40,,zPC1,,3433.8320N,12041.5112W,60.54,66.45
6/17/19,21:07:07,,zPC1,,3433.8246N,12041.4904W,60.29,66.47
6/17/19,22:11:05,2,zPC2,7,3434.0309N,12046.0527W,192.54,201.26
6/17/19,22:21:14,,zPC2,,3434.0709N,12045.9634W,185.14,194.45
6/17/19,22:31:13,,zPC2,,3434.1411N,12045.9269W,-0.03,214.08
6/17/19,23:18:32,,zPC3,8,3433.8814N,12049.7068W,283.02,0
6/17/19,23:32:35,,zPC3,,3433.8001N,12049.6526W,280.52,106.32
6/18/19,0:43:16,,zPC4,9,3433.8452N,12054.3681W,496.87,0
6/18/19,0:58:52,,zPC4,,3433.8453N,12054.3669W,496.58,0
6/18/19,1:17:57,,zPC4,,3433.9617N,12054.1918W,483.46,98.59
6/18/19,6:08:31,,CTD3-4,10,3443.9586N,12102.3012W,490.1,0
6/18/19,7:22:34,,CTD3-3,11,3443.7272N,12056.3255W,306.92,0
6/18/19,8:14:48,,CTD3-2,12,3443.8110N,12051.0291W,153.56,161.8
6/18/19,9:16:27,,CTD3-1,13,3443.8475N,12041.7778W,50.17,56.16
6/18/19,13:09:24,,zPC-5,14,3434.0400N,12115.5155W,916.65,209.81
6/18/19,13:25:10,2,zPC-5,,3434.0147N,12115.4991W,921.43,0
6/18/19,13:35:29,,zPC-5,,3434.0298N,12115.4758W,918.76,99.5
6/18/19,14:47:55,,zPC-6,15,3433.9643N,12124.1912W,502.89,0
6/18/19,15:06:41,,zPC-6,,3434.0878N,12124.2024W,-0.03,0
6/18/19,15:13:14,,zPC-6,,3434.1283N,12124.2006W,15.12,0
6/19/19,3:22:57,3,CTD 3-5,16,3443.8735N,12108.1791W,546.64,0
6/19/19,4:32:37,,CTD 3-6,17,3443.8174N,12114.3887W,564.68,511.39
6/19/19,5:42:05,,CTD 3-7,18,3443.8070N,12120.4014W,564.62,511.39
6/19/19,6:46:58,,CTD 3-8,19,3443.9028N,12126.4090W,649.77,513.74
6/19/19,7:52:44,,CTD 3-9,20,3443.8804N,12132.7922W,886.72,514.7
6/19/19,8:54:09,,CTD 3-10,21,3443.8742N,12138.7123W,839.97,526.08
6/19/19,9:55:37,,CTD 3-11,22,3443.7771N,12143.5699W,1495.44,511.82
6/19/19,23:11:12,,CTD 3-11,,3456.8662N,12054.4097W,235.88,481.92
6/20/19,6:12:32,5,CTD 5-1,23,3503.8623N,12043.6831W,51.3,57.41
6/20/19,7:10:10,,CTD 5-2,24,3503.8762N,12051.9320W,142.42,149.37
6/20/19,7:56:42,,CTD 5-3,25,3503.8220N,12057.2217W,294.74,304.99
6/20/19,8:59:19,,CTD 5-4,26,3503.8286N,12104.7548W,499.12,511.68
6/20/19,10:46:31,,CTD 5-6,27,3504.1022N,12116.4182W,609.12,0
6/20/19,11:54:56,,CTD 5-7,28,3503.7017N,12123.0329W,481.34,492.93
6/21/19,5:02:12,7,CTD 7-1,29,3523.8174N,12055.5030W,51.63,56.93
6/21/19,5:57:07,,CTD 7-2,30,3523.8486N,12102.3457W,169.59,176.18
6/21/19,6:52:33,,CTD 7-3,31,3523.8446N,12108.0687W,296.64,305.56
6/21/19,8:06:47,,CTD 7-4,32,3523.8204N,12117.4426W,488.23,498.77
6/21/19,9:08:20,,CTD 7-5,33,3523.6943N,12123.7948W,708.82,0
6/21/19,10:08:43,,CTD 7-6,34,3523.9204N,12129.7767W,499.79,510.58
6/22/19,6:39:16,9,CTD 9-11,35,3543.5280N,12211.0644W,27.76,0
6/22/19,8:02:21,,CTD 9-9,36,3543.9201N,12200.8553W,1131.86,513.31
6/22/19,10:48:41,,CTD 9-4,37,3543.9247N,12129.9120W,472.6,484.21
6/22/19,11:31:54,,CTD 9-3,38,3543.8294N,12127.1217W,295.48,303.36
6/22/19,12:07:21,,CTD 9-2,39,3543.8417N,12124.9046W,174.3,179.28
6/22/19,12:43:36,,CTD 9-1,40,3543.8004N,12121.3492W,53.69,58.94
6/23/19,4:28:39,11,CTD 11-1,41,3603.8576N,12137.0286W,63.52,70.2
6/23/19,4:59:26,,CTD 11-2,42,3603.8555N,12138.0544W,278.37,286.85
6/23/19,5:43:16,,CTD 11-3,43,3603.8380N,12139.4296W,478.99,489.76
6/23/19,7:14:32,,CTD 11-6,44,3603.6370N,12152.0222W,1025.86,0
6/23/19,8:41:22,,CTD 11-8,45,3603.8307N,12204.1825W,500.75,512.11
6/23/19,9:43:39,,CTD 11-9,46,3603.8707N,12210.5010W,501.03,511.82
6/23/19,10:57:00,,CTD 11-10,47,3604.0233N,12216.4600W,499.43,512.35
6/23/19,11:51:23,,CTD 11-11,48,3603.8308N,12220.2958W,503.1,0
6/23/19,13:53:20,,,,3603.8410N,12207.0117W,-0.02,627.69
6/23/19,20:32:08,,,,3613.9922N,12206.5016W,773.61,698.88
6/24/19,2:41:32,,,,3623.8267N,12155.4218W,49.61,55.3
6/24/19,2:42:37,,,,3623.8101N,12155.3200W,46.37,52.7
6/24/19,2:55:20,13,13-1,49,3623.8381N,12155.4933W,51.57,57.6
6/24/19,2:57:37,,13-1,49,3623.8383N,12155.4928W,51.54,58.9
6/24/19,3:33:48,,13-2,50,3623.8419N,12159.0736W,137.04,145.31
6/24/19,5:10:57,,13-5,51,3623.8013N,12206.9366W,714.67,731.62
6/24/19,5:15:42,,13-5,51,3623.8019N,12206.9366W,714.32,731.33
6/24/19,5:33:20,,13-5,51,3623.8241N,12207.2292W,725.46,741.22
6/24/19,6:29:49,,13-6,52,3623.8304N,12213.1984W,1062.44,513.22
6/24/19,6:55:36,,13-6,52,3623.8933N,12215.3285W,1261.76,720.76
6/24/19,8:00:56,,13-8,53,3623.9797N,12225.5961W,499.03,511.97
6/24/19,8:10:47,,13-8,53,3624.0192N,12225.5979W,-0.02,0
6/24/19,9:36:51,,13-10,54,3623.8995N,12238.8573W,499.73,511.54
6/24/19,9:50:12,,13-10,54,3623.9323N,12238.8555W,229.32,0
6/25/19,4:38:14,15,CTD 15-1,55,3643.9234N,12150.9797W,47.35,52.66
6/25/19,5:27:08,,CTD 15-1,55,3643.8368N,12158.3572W,144.72,152.16
6/25/19,5:36:15,,CTD 15-2,56,3643.8374N,12158.3566W,144.67,153.5
6/25/19,5:43:59,,CTD 15-2,56,3643.8393N,12158.4162W,164.46,173.66
6/25/19,6:08:24,,CTD 15-4,57,3643.8269N,12159.2321W,466.59,499.78
6/25/19,6:20:31,,CTD 15-4,57,3643.8224N,12159.2446W,490.26,500.35
6/25/19,9:18:22,,CTD 15-10,58,3643.9035N,12235.0493W,-0.02,0
6/25/19,9:27:46,,CTD 15-10,58,3643.9499N,12235.2523W,-0.02,0
6/26/19,2:46:01,17,CTD 17-7,59,3703.5798N,12303.6347W,23.07,0
6/26/19,3:02:17,,CTD 17-7,59,3703.4538N,12303.9568W,240.69,733.25
6/26/19,4:08:19,,CTD 17-6,60,3703.7458N,12256.2251W,1088.66,0
6/26/19,5:22:01,,CTD 17-6,60,3703.8779N,12249.4937W,697.44,712.81
6/26/19,5:27:38,,CTD 17-5,61,3703.8559N,12249.5835W,700.62,716.45
6/26/19,6:23:13,,CTD 17-5,61,3703.8558N,12243.7516W,543.66,555.9
6/26/19,6:51:13,,CTD 17-4,62,3703.8043N,12243.4816W,519.14,531.36
6/26/19,7:38:32,,CTD 17-3,63,3703.8763N,12240.2939W,294.08,303.26
6/26/19,7:39:00,,CTD 17-3,63,3703.8740N,12240.2981W,294.44,302.78
6/26/19,7:39:13,,CTD 17-3,63,3703.8724N,12240.2991W,294.22,303.92
6/26/19,8:15:44,,CTD 17-2,64,3703.9127N,12238.4475W,150.06,157.69
6/26/19,8:15:47,,CTD 17-2,64,3703.9128N,12238.4477W,149.97,158.39
6/26/19,10:01:59,,CTD 17-1,65,3703.8853N,12219.4846W,51.7,58.13
6/26/19,10:02:01,,CTD 17-1,65,3703.8856N,12219.4847W,51.8,57.4
6/27/19,3:18:13,19,CTD 19-7,66,3723.6091N,12317.1053W,46.29,0
6/27/19,4:23:55,,CTD 19-7,66,3723.8651N,12310.3763W,1034.48,0
6/27/19,4:41:48,,CTD 19-6,67,3723.7085N,12310.4241W,999.22,0
6/27/19,5:06:19,,CTD 19-6,67,3723.4826N,12309.5922W,920.44,700.13
6/27/19,5:57:24,,CTD 19-5,68,3723.5877N,12304.2127W,715.4,730.56
6/27/19,6:12:14,,CTD 19-5,68,3723.4157N,12304.3710W,720.92,736.86
6/27/19,7:19:19,,CTD 19-4,69,3723.6258N,12257.9208W,547.53,559.73
6/27/19,7:19:22,,CTD 19-4,69,3723.6257N,12257.9218W,547.09,560.06
6/27/19,9:50:11,,CTD 19-1,70,3723.8808N,12231.4949W,54.05,60.12
6/27/19,9:50:14,,CTD 19-1,70,3723.8803N,12231.4952W,53.99,60.17
6/28/19,4:14:43,21,CTD 21-7,71,3743.5002N,12332.4326W,-0.02,691.34
6/28/19,4:30:20,,CTD 21-7,71,3743.4634N,12332.6037W,-0.02,0
6/28/19,5:45:31,,CTD 21-6,72,3743.7781N,12325.0935W,11.96,0
6/28/19,6:01:45,,CTD 21-6,72,3743.9800N,12325.2136W,-0.02,659.95
6/28/19,7:11:46,,CTD 21-5,73,3743.6070N,12318.6640W,1257.61,0
6/28/19,7:11:51,,CTD 21-5,73,3743.6067N,12318.6652W,1260.94,0
6/28/19,8:18:56,,CTD 21-4,74,3743.5925N,12312.4418W,626.47,638.74
6/28/19,8:18:59,,CTD 21-4,74,3743.5917N,12312.4419W,626.16,641.47
6/28/19,8:59:58,,CTD 21-3,75,3743.7358N,12310.9056W,333.33,342.48
6/28/19,9:00:01,,CTD 21-3,75,3743.7353N,12310.9061W,333.96,342.53
6/28/19,9:27:48,,CTD 21-2,76,3743.8207N,12309.8798W,171.19,180.19
6/28/19,9:27:50,,CTD 21-2,76,3743.8207N,12309.8807W,170.16,177.31
6/28/19,12:03:47,,CTD 21-1,77,3743.7765N,12248.0570W,52.96,59.8
6/28/19,12:03:49,,CTD 21-1,77,3743.7764N,12248.0572W,53,58.97
7/1/19,19:20:36,,,,3747.2004N,12223.0589W,18.58,26.74
7/2/19,6:15:13,,,78,3753.8004N,12327.2764W,658.06,0
7/2/19,6:44:51,,,78,3753.8110N,12326.0597W,332.37,233.74
7/2/19,8:13:54,,22-2,79,3753.6994N,12310.3053W,95.58,101.76
7/2/19,8:26:45,,,79,3753.5174N,12310.4853W,96.5,100.93
7/2/19,8:58:22,22,,79,3753.6053N,12307.8685W,93.52,100.2
7/2/19,10:27:57,22,22-1,80,3753.8384N,12251.8260W,53.28,58.66
7/2/19,10:55:56,22,22-1,80,3753.8224N,12251.4357W,51.76,56.03
7/3/19,4:36:32,23,23-1,81,3803.8141N,12304.0103W,64.02,69.79
7/3/19,4:53:23,23,23-1,,3803.8004N,12300.8481W,48.92,54.04
7/3/19,4:53:42,23,23-1,,3803.8003N,12300.8159W,48.76,54.56
7/3/19,5:18:47,23,23-1,,3803.8404N,12300.9821W,50.84,57.52
7/3/19,5:20:48,23,23-1,,3803.8360N,12300.9871W,51.43,56.88
7/3/19,5:21:53,23,23-1,,3803.8335N,12300.9878W,51.16,57.88
7/3/19,17:57:04,23,23-2,,3809.6320N,12340.0702W,1722.72,0
7/3/19,17:57:49,23,23-2,,3809.7176N,12340.1519W,1739.26,302.48
7/3/19,20:08:37,23,23-2,,3823.8135N,12350.8261W,1848.34,247.62
7/3/19,21:05:03,25,25-6,82,3823.7844N,12346.3570W,1493.84,164.45
7/3/19,21:25:38,25,25-6,82,3823.7166N,12346.6297W,1525.17,261.29
7/3/19,21:33:31,25,25-6,82,3823.6818N,12346.7273W,1539.55,248.4
7/3/19,21:38:37,25,25-6,82,3823.7421N,12346.5996W,1524.44,272.83
7/3/19,22:32:30,25,25-5,83,3823.7730N,12341.8956W,961.21,238.66
7/3/19,22:40:19,25,25-5,83,3823.6968N,12341.9625W,980.04,0
7/3/19,23:01:39,25,25-5,83,3823.8454N,12341.0188W,820.4,0
7/3/19,23:01:47,25,25-5,83,3823.8444N,12340.9839W,816.04,0
7/3/19,23:40:58,25,25-4,84,3823.5272N,12337.5143W,506.13,0
7/3/19,23:58:54,25,25-4,84,3823.2043N,12337.6148W,520.3,344.54
7/4/19,0:09:17,25,25-4,84,3823.1018N,12337.6999W,529.3,291.05
7/4/19,0:09:19,25,25-4,84,3823.1027N,12337.7005W,529.66,289.86
7/4/19,0:55:24,25,25-3,85,3823.4582N,12334.5891W,318.29,327.34
7/4/19,1:09:06,25,25-3,85,3823.2052N,12334.6809W,326.83,335.6
7/4/19,1:18:38,25,25-3,85,3823.1198N,12334.7294W,330.7,340.45
7/4/19,1:18:40,25,25-3,85,3823.1216N,12334.7308W,330.77,339.02
7/4/19,2:13:02,25,25-2,86,3823.6537N,12327.0092W,147.97,154.76
7/4/19,2:25:32,25,25-2,86,3823.3742N,12327.1439W,151.8,158.43
7/4/19,2:35:45,25,25-2,86,3823.3294N,12327.2790W,152.79,161.5
7/4/19,2:35:47,25,25-2,86,3823.3318N,12327.2802W,152.97,160.26
7/4/19,4:17:49,25,25-1,87,3823.7733N,12308.4881W,48.43,54.5
7/4/19,4:27:09,25,25-1,87,3823.7364N,12308.6183W,52.3,58.76
7/4/19,4:31:29,25,25-1,87,3823.7229N,12308.6656W,53.19,59.05
7/4/19,4:31:32,25,25-1,87,3823.7226N,12308.6662W,53.13,58.97
7/4/19,6:26:37,26,26-1,88,3833.8165N,12320.9980W,67.37,58.75
7/4/19,6:35:05,26,26-1,88,3833.7915N,12321.0633W,68.91,82.03
7/4/19,6:36:50,26,26-1,88,3833.8104N,12321.2629W,70.74,76.16
7/4/19,8:21:42,26,26-2,89,3833.7045N,12339.5303W,219.43,227.25
7/4/19,8:37:10,26,26-2,89,3833.7168N,12339.4025W,210.6,218.53
7/4/19,10:50:21,26,26-3,90,3833.7585N,12358.7159W,-0.02,68.97
7/5/19,4:13:37,27,27-8,91,3843.5468N,12417.2614W,-0.02,0
7/5/19,4:31:01,27,27-8,91,3843.4741N,12417.6196W,-0.02,0
7/5/19,6:19:33,27,27-6,92,3843.8323N,12404.4277W,497.79,387.84
7/5/19,8:00:07,27,27-6,92,3843.8663N,12351.6632W,529.21,273.92
7/5/19,8:13:25,27,27-4,93,3843.8810N,12351.6891W,533.46,204.62
7/5/19,9:18:35,27,27-4,93,3843.8690N,12346.0825W,149.44,154.51
7/5/19,9:23:53,27,27-2,94,3843.8579N,12346.1078W,149.31,152.02
7/5/19,10:49:56,27,27-2,94,3843.9156N,12331.5838W,44.91,47.37
7/5/19,10:54:20,27,27-1,95,3843.9128N,12331.5795W,38.96,46.08
7/5/19,18:34:55,27,27-1,95,3853.8390N,12400.9748W,783.12,291.76
7/6/19,2:50:22,29,29-1,96,3903.9395N,12343.8466W,53.55,60.05
7/6/19,2:55:18,29,29-1,96,3903.9389N,12343.8464W,53.33,59.51
7/6/19,4:13:18,29,29-2,97,3903.8475N,12356.2328W,158.35,126.48
7/6/19,4:28:32,29,29-2,97,3903.8536N,12356.6842W,197.33,0
7/6/19,4:49:05,29,29-3,98,3903.8592N,12357.2747W,278.24,226.07
7/6/19,4:59:05,29,29-3,98,3903.8715N,12357.2944W,281.02,291.43
7/6/19,5:32:18,29,29-4,99,3903.8799N,12359.0719W,487.06,199.78
7/6/19,5:47:53,29,29-4,99,3903.8760N,12359.0850W,488.38,499.48
7/6/19,6:23:08,29,29-5,100,3903.8368N,12404.6539W,767.9,187.39
7/6/19,6:23:30,29,29-5,100,3903.8399N,12404.7227W,771.03,263.03
7/6/19,6:53:00,29,29-5,100,3903.6434N,12405.8228W,823.65,0
7/6/19,7:07:36,29,29-5,100,3903.5792N,12405.9102W,828.49,947.14
7/6/19,8:53:26,29,29-5,100,3903.8230N,12411.9721W,1255.84,0
7/6/19,10:57:36,29,29-6,101,3903.7281N,12412.4171W,1308.11,421.54
7/6/19,11:32:06,29,29-6,101,3903.8836N,12412.6491W,1335.12,222.86
7/7/19,3:49:46,31,31-9,102,3923.8332N,12433.5603W,2769.28,108.89
7/7/19,4:08:55,31,31-9,102,3923.8402N,12433.8539W,2778.02,0
7/7/19,5:42:22,31,31-7,103,3923.7537N,12420.3096W,1510.54,192.53
7/7/19,5:59:16,31,31-7,103,3923.7620N,12420.4905W,1520.01,446.54
7/7/19,7:22:39,31,31-5,104,3923.6645N,12407.5955W,803.27,405.63
7/7/19,8:12:45,31,31-5,104,3923.8820N,12400.9564W,498.2,203.96
7/7/19,8:26:48,31,31-4,105,3923.8291N,12401.0715W,504.87,0
7/7/19,9:27:05,31,31-4,105,3923.8374N,12358.4873W,287.09,294.41
7/7/19,9:29:41,31,31-3,106,3923.8438N,12358.5203W,291.09,300.21
7/7/19,9:43:53,31,31-3,106,3923.9351N,12358.1294W,230.58,238.06
7/7/19,10:10:53,31,31-2,107,3923.8379N,12356.9498W,153.76,160.45
7/7/19,10:31:55,31,31-2,107,3924.1033N,12355.4525W,134.98,141.57
7/7/19,11:11:24,31,31-1,108,3923.8813N,12350.0895W,40.13,41.46
7/7/19,11:34:03,31,31-1,108,3923.5342N,12352.1048W,97.32,103.82
7/8/19,5:42:35,33,33-9,109,3943.8359N,12437.2883W,1619.19,116.69
7/8/19,6:28:18,33,33-9,109,3943.6922N,12431.5623W,1613.9,53.11
7/8/19,8:05:18,33,33-5,110,3943.9130N,12411.0726W,1038.83,250.45
7/8/19,8:37:58,33,33-5,110,3944.1848N,12411.1150W,1098.13,434.35
7/8/19,9:22:26,33,33-4,111,3943.9053N,12404.4016W,475.44,362.3
7/8/19,9:51:08,33,33-4,111,3943.8720N,12404.4180W,478.09,489.12
7/8/19,10:36:54,33,33-2,112,3943.9490N,12357.1052W,147.48,155.24
7/8/19,10:55:36,33,33-2,112,3943.9560N,12356.1295W,138.7,145.46
7/8/19,11:29:40,33,33-1,113,3943.8137N,12351.8671W,60.73,67.22
7/8/19,11:37:47,33,33-1,113,3943.8121N,12351.7871W,56.84,62.33
7/9/19,4:13:13,35,35-1,114,4003.9303N,12408.2367W,57.38,63.41
7/9/19,4:17:40,35,35-1,114,4003.9356N,12408.2028W,55.94,62.01
7/9/19,5:16:12,35,35-3,115,4003.7836N,12416.6931W,306.7,316.2
7/9/19,5:27:10,35,35-3,115,4003.7743N,12416.6508W,303.64,313.21
7/9/19,6:25:35,35,35-5,116,4003.6396N,12425.2747W,736.31,413.69
7/9/19,6:42:12,35,35-5,116,4003.6233N,12425.2272W,736.15,751.97
7/9/19,7:59:51,35,35-7,117,4003.7086N,12438.6170W,913.3,285.05
7/9/19,8:59:16,35,35-7,117,4003.6809N,12446.2738W,1109.27,0
7/9/19,9:45:04,35,35-9,118,4003.6619N,12451.5310W,1165.91,328.94
7/9/19,10:21:09,35,35-9,118,4003.6899N,12454.3138W,1237.7,388.83
7/9/19,11:40:00,35,35-11,119,4003.8262N,12504.6879W,1408.93,422.91
7/9/19,12:14:04,35,35-11,119,4003.8520N,12506.3224W,1456.31,676.18
7/10/19,4:42:36,37,37-9,120,4023.7672N,12507.5581W,2390.95,0
7/10/19,4:56:58,37,37-9,120,4023.7405N,12507.5687W,14.11,0
7/10/19,6:20:19,37,37-7,121,4023.8944N,12454.7373W,2211.29,121.11
7/10/19,7:43:05,37,37-7,121,4023.7516N,12441.3317W,1332.58,203.28
7/10/19,7:56:13,37,37-5,122,4023.7097N,12441.4592W,1368.45,44.23
7/10/19,8:32:12,37,37-5,122,4023.7665N,12437.9007W,883.17,346.78
7/10/19,9:07:04,37,37-4,123,4023.7911N,12434.6336W,432.9,0
7/10/19,9:35:55,37,37-4,123,4023.7547N,12433.9801W,336.09,344.53
7/10/19,10:10:07,37,37-2,124,4023.8838N,12432.6108W,136.11,125.56
7/10/19,11:23:19,37,37-2,124,4023.7766N,12426.8629W,52.14,58.47
7/10/19,11:27:21,37,37-1,125,4023.7960N,12426.8641W,51.89,58.22
7/10/19,11:44:52,37,37-1,125,4024.0231N,12426.9168W,51.15,57.64
7/11/19,4:10:03,38,38-1,126,4033.8153N,12427.1383W,55.04,60.79
7/11/19,4:15:12,38,38-1,126,4033.8131N,12427.1393W,54.96,61.29
7/11/19,6:03:33,38,38-2,127,4033.9190N,12447.0066W,1493.02,91.68
7/11/19,6:14:22,38,38-2,127,4033.9509N,12446.9569W,1462.95,262.45
7/11/19,6:16:39,38,38-2,127,4033.9605N,12446.9406W,1463.62,0
7/11/19,8:12:39,38,38-3,128,4033.6603N,12506.7424W,2706.24,0
7/11/19,8:48:23,38,38-3,128,4033.7210N,12509.4999W,2724.65,169.3
7/11/19,9:52:27,38,38-4,129,4033.9098N,12520.3654W,2813.48,536.93
7/11/19,10:22:53,38,38-4,129,4033.9641N,12518.2849W,2803.71,205.78
7/12/19,4:25:18,39,39-1,130,4043.7910N,12422.4092W,52.49,59.36
7/12/19,4:31:32,39,39-1,130,4043.7599N,12422.4651W,52.46,59.38
7/12/19,5:25:07,39,39-2,131,4043.9223N,12429.3156W,153.76,161.39
7/12/19,6:15:27,39,39-4,132,4043.7903N,12432.6679W,470.58,481.55
7/12/19,6:29:55,39,39-4,132,4043.6919N,12432.7687W,481.29,492.91
7/12/19,7:21:02,39,39-5,133,4043.8551N,12439.7069W,863.22,0
7/12/19,7:38:04,39,39-5,133,4043.9014N,12439.8769W,865.34,164.83
7/12/19,8:55:29,39,39-7,134,4043.8571N,12452.7669W,2451.7,513.36
7/12/19,9:10:53,39,39-7,134,4043.8729N,12452.9489W,2451.41,137.57
7/12/19,10:29:20,39,39-9,135,4043.7410N,12506.0100W,2697.91,0
7/12/19,10:45:37,39,39-9,135,4043.6190N,12506.2213W,2683.96,0
7/12/19,14:36:09,41,HAB163,136,4103.7339N,12452.2955W,1529.11,530.98
7/12/19,14:55:47,41,HAB163,136,4103.7488N,12452.3438W,1532.57,0
7/12/19,15:00:27,41,HAB163,136,4103.7445N,12452.3481W,1534.04,0
7/12/19,15:00:51,41,HAB164,136,4103.7431N,12452.3485W,1533.71,0
7/12/19,15:53:36,41,,137,4103.8388N,12447.4531W,1027.25,0
7/12/19,16:15:48,41,,137,4103.8214N,12447.4397W,1026.75,0
7/12/19,18:19:50,41,,138,4103.8609N,12426.3696W,493.7,505.34
7/12/19,18:38:06,41,,138,4103.8604N,12426.3691W,493.6,505.42
7/12/19,18:45:59,41,,138,4103.8608N,12426.3687W,493.78,505.49
7/12/19,18:48:15,41,,138,4103.8607N,12426.3688W,493.51,505.78
7/12/19,19:26:50,41,VN016,139,4103.8483N,12423.5236W,295.55,304.89
7/12/19,19:38:10,41,VN016,139,4103.8484N,12423.5235W,295.54,304.89
7/12/19,22:13:12,41,VN016,139,4103.8166N,12420.2503W,145.65,151.25
7/12/19,22:14:25,41,VN016,139,4103.8164N,12420.2496W,145.61,153.28
7/12/19,22:22:36,41,VN017,140,4103.8164N,12420.2493W,145.66,153.17
7/12/19,22:32:55,41,VN017,140,4103.8167N,12420.2494W,145.96,152.8
7/12/19,22:44:18,41,VN017,140,4103.8165N,12420.2494W,145.75,153.07
7/12/19,22:44:21,41,VN017,140,4103.8165N,12420.2495W,145.61,153.27
7/12/19,23:47:32,41,VN018,141,4103.8376N,12414.6068W,62.04,69.31
7/12/19,23:55:17,41,VN018,141,4103.8498N,12414.6287W,62.45,68.59
7/13/19,0:02:43,41,VN018,141,4103.8340N,12414.6233W,62.3,68.34
7/13/19,0:02:45,41,VN018,141,4103.8342N,12414.6232W,62.48,68.77
7/13/19,4:46:59,42,42-4,142,4113.8782N,12457.3250W,1702.71,513.17
7/13/19,5:01:40,42,42-4,142,4113.8151N,12457.3104W,1702.44,92.26
7/13/19,5:51:44,42,42-3,143,4113.7936N,12450.5943W,1144.52,512.45
7/13/19,6:06:03,42,42-3,143,4113.7915N,12450.5668W,1144.34,0
7/13/19,7:57:02,42,42-2,144,4113.9207N,12430.5609W,848.7,633.79
7/13/19,8:26:54,42,42-2,144,4113.8484N,12428.1227W,661.73,687.26
7/13/19,9:45:35,42,42-1,145,4113.8575N,12410.7114W,49.17,55.43
7/13/19,9:50:18,42,42-1,145,4113.8548N,12410.6970W,48.71,54.01
7/13/19,9:58:53,42,42-1,145,4113.8321N,12410.6425W,47.74,53.99
7/14/19,5:15:06,43,43-8,146,4123.6259N,12459.2292W,1514.57,0
7/14/19,5:30:17,43,43-8,146,4123.5702N,12459.3838W,1534.7,0
7/14/19,6:57:43,43,43-6,147,4123.7788N,12444.5120W,1099.09,0
7/14/19,7:17:15,43,43-6,147,4123.6661N,12444.9591W,1092.02,297.89
7/14/19,8:08:10,43,43-5,148,4123.9224N,12437.5883W,1052.8,0
7/14/19,9:14:33,43,43-4,149,4123.4986N,12430.7798W,456.61,468.14
7/14/19,10:29:12,43,43-2,150,4123.7875N,12426.1382W,143.42,151.14
7/14/19,10:54:21,43,43-2,150,4124.9022N,12428.3081W,176.19,183.83
7/14/19,22:44:10,45,45-1,151,4143.8109N,12416.9334W,52.02,56.35
7/14/19,22:48:53,45,45-1,151,4143.7821N,12416.9445W,52.08,57.94
7/18/19,23:12:13,,,,4430.3406N,12410.8644W,52.94,59.36
7/18/19,23:13:19,,,,4430.1647N,12410.9694W,53.05,58.73
7/21/19,5:14:33,47,47-9,152,4204.0631N,12509.8579W,-0.02,682.08
7/21/19,5:31:02,47,47-9,152,4204.2736N,12510.0190W,-0.02,0
7/21/19,6:45:51,47,47-7,153,4203.9191N,12459.9703W,1230.49,0
7/21/19,7:35:35,47,47-7,153,4204.1048N,12500.5256W,1158.63,0
7/21/19,7:46:45,47,47-7,153,4204.1691N,12500.6741W,1150.1,0
7/21/19,8:02:44,47,47-7,153,4204.2704N,12500.6522W,1147.87,680.64
7/21/19,9:16:44,47,47-5,154,4203.8751N,12446.2481W,637.42,652.39
7/21/19,9:34:16,47,47-5,154,4204.0362N,12446.4823W,643.2,657.4
7/21/19,10:34:15,47,47-3,155,4203.8914N,12435.8714W,268.75,277.54
7/21/19,10:44:25,47,47-3,155,4203.9337N,12435.8991W,271.52,280.51
7/21/19,11:33:18,47,47-2,156,4203.8798N,12430.6209W,118.76,126.08
7/21/19,12:02:24,47,47-2,156,4203.8173N,12426.5199W,96.76,103.87
7/21/19,12:32:53,47,47-1,157,4203.8898N,12422.3592W,52.91,58.84
7/21/19,12:47:02,47,47-1,157,4203.8691N,12422.2771W,-0.02,0
7/22/19,5:15:01,49,49-2,158,4223.7535N,12442.7313W,178.17,186.29
7/22/19,5:24:14,49,49-2,158,4223.6748N,12442.9407W,188.75,196.77
7/22/19,6:01:30,49,49-4,159,4223.6509N,12446.4169W,512.29,525.17
7/22/19,6:17:58,49,49-4,159,4223.5558N,12446.8685W,545.55,556.46
7/22/19,7:09:08,49,49-5,160,4223.7721N,12453.6008W,1402.19,473.62
7/22/19,7:24:46,49,49-5,160,4223.7213N,12454.0875W,1449.93,0
7/22/19,8:41:52,49,49-7,161,4224.0330N,12507.0181W,13.16,0
7/22/19,8:57:30,49,49-7,161,4224.1362N,12507.4926W,17.28,0
7/22/19,20:02:25,49,49-9,162,4244.3371N,12512.0727W,1014.88,691.07
7/23/19,7:03:09,51,51-9,163,4244.0706N,12520.5366W,1026.18,494.21
7/23/19,7:19:22,51,51-9,163,4244.0768N,12520.4790W,1013.55,557.9
7/23/19,9:41:54,51,51-7,164,4243.7580N,12453.0099W,551.19,563.74
7/23/19,9:42:13,51,51-5,164,4243.7583N,12453.0121W,550.86,563.56
7/23/19,9:57:58,51,51-5,164,4243.7169N,12453.1901W,570.1,582.95
7/23/19,10:52:59,51,51-4,165,4243.6588N,12446.1353W,517.84,529.93
7/23/19,11:11:08,51,51-4,165,4243.6470N,12446.1777W,517.97,530.57
7/23/19,11:44:14,51,51-3,166,4243.8475N,12443.9426W,289.83,299.25
7/23/19,11:56:22,51,51-3,166,4243.8184N,12443.9713W,293.58,303.08
7/23/19,12:33:16,51,51-2,167,4243.8162N,12440.5208W,140.06,147.63
7/23/19,12:41:34,51,51-2,167,4243.8002N,12440.5481W,140.87,148.3
7/24/19,2:36:08,53,53-1,168,4303.8386N,12428.8519W,49.6,56.02
7/24/19,2:41:42,53,53-1,168,4303.8384N,12428.8522W,49.56,55.54
7/24/19,3:53:04,53,53-2,169,4303.9037N,12439.9609W,150.86,158.3
7/24/19,4:00:59,53,53-2,169,4303.8973N,12440.0129W,151.26,158.7
7/24/19,5:09:56,53,53-3,170,4303.8880N,12452.4988W,291.25,300.21
7/24/19,5:20:54,53,53-3,170,4303.8799N,12452.5397W,294.18,303.9
7/24/19,5:54:13,53,53-4,171,4303.8400N,12454.4328W,499.72,511.78
7/24/19,6:09:03,53,53-4,171,4303.8552N,12454.5042W,506.81,519.22
7/24/19,7:05:57,53,53-5,172,4303.8179N,12501.1573W,1152.66,0
7/24/19,7:22:31,53,53-5,172,4303.8427N,12501.2738W,1174.75,0
7/24/19,8:19:56,53,53-6,173,4303.8271N,12507.8722W,499.31,506.4
7/24/19,8:40:05,53,53-6,173,4303.8675N,12507.8926W,35.83,0
7/24/19,9:37:11,53,53-7,174,4303.9128N,12514.9379W,499.37,511.34
7/24/19,9:54:28,53,53-7,174,4303.9680N,12515.0671W,-0.02,0
7/24/19,10:55:02,53,53-8,175,4303.8815N,12516.8769W,499.15,511.25
7/24/19,11:11:17,53,53-8,175,4303.8890N,12516.8641W,1014.35,596.02
7/25/19,2:32:50,55,55-8,176,4323.7362N,12511.3439W,1570.26,514.85
7/25/19,2:51:39,55,55-8,176,4323.7348N,12511.3436W,1570.81,0
7/25/19,3:41:20,55,55-7,177,4323.6454N,12505.5135W,964.52,0
7/25/19,3:57:11,55,55-7,177,4323.6195N,12505.8184W,1033.35,710.69
7/25/19,4:53:25,55,55-6,178,4323.6326N,12458.3918W,892.33,625.15
7/25/19,5:07:58,55,55-6,178,4323.6955N,12458.6381W,909.34,679.15
7/25/19,6:08:38,55,55-5,179,4323.8174N,12451.7308W,613.57,628.46
7/25/19,6:27:41,55,55-5,179,4323.7779N,12452.1149W,617.39,633.39
7/25/19,7:31:44,55,55-4,180,4323.8137N,12444.8866W,519.18,530.98
7/25/19,7:49:39,55,55-4,180,4323.7628N,12445.2148W,526.37,538.8
7/25/19,8:39:09,55,55-3,181,4323.7775N,12440.4128W,257.37,266.71
7/25/19,8:49:07,55,55-3,181,4323.7794N,12440.5873W,269.88,279.41
7/25/19,9:33:13,55,55-2,182,4323.7671N,12435.5489W,146.3,154.98
7/25/19,9:41:04,55,55-2,182,4323.7533N,12435.7284W,148.73,156.48
7/25/19,10:57:24,55,55-1,183,4323.8189N,12423.1792W,51.82,58.16
7/26/19,6:18:28,58,58-1,184,4353.7751N,12412.9763W,59.69,66.88
7/26/19,6:24:48,58,58-1,184,4353.7717N,12413.0314W,60.51,66.73
7/26/19,8:25:01,58,58-2,185,4353.8234N,12433.5951W,172.2,180.58
7/26/19,8:42:43,58,58-2,185,4353.8846N,12434.6680W,191.68,200.59
7/26/19,10:50:32,58,58-5,186,4353.7952N,12500.1227W,902.95,515.23
7/26/19,11:10:28,58,58-5,186,4353.7822N,12500.3010W,890.66,0
7/27/19,5:17:13,60,60-4,187,4413.8239N,12509.4994W,1529.5,511.44
7/27/19,5:33:22,60,60-4,187,4413.8275N,12509.5882W,1581.17,0
7/27/19,7:15:17,60,60-3,188,4413.7368N,12453.1707W,2949.47,134.26
7/27/19,7:23:53,60,60-3,188,4413.6240N,12453.2057W,-0.02,133.26
7/27/19,9:08:57,60,60-2,189,4413.8329N,12432.3579W,-0.02,102.89
7/27/19,9:20:28,60,60-2,189,4413.8611N,12431.9749W,-0.02,100.05
7/27/19,10:44:05,60,60-1,190,4413.9277N,12414.8557W,2596.62,76.15
7/27/19,11:00:21,60,60-1,190,4414.0401N,12416.4821W,-0.02,80.42
7/28/19,5:00:03,61,61-2,191,4423.7336N,12444.6531W,148.59,155.99
7/28/19,5:10:08,61,61-2,191,4423.7426N,12444.7520W,150.08,157.87
7/28/19,6:00:44,61,61-3,192,4423.8062N,12448.9320W,342.04,351.51
7/28/19,6:03:33,61,61-3,192,4423.7924N,12448.9775W,347.04,357.55
7/28/19,6:58:35,61,61-4,193,4423.7130N,12452.6889W,502.99,515.46
7/28/19,7:17:41,61,61-4,193,4423.6184N,12453.1065W,502.41,515.13
7/28/19,8:03:07,61,61-5,194,4423.7600N,12459.4898W,645.96,661.46
7/28/19,8:21:44,61,61-5,194,4423.7365N,12459.8768W,670.18,684.91
7/28/19,9:09:12,61,61-6,195,4423.7789N,12506.4782W,1143.32,0
7/28/19,9:25:43,61,61-6,195,4423.7754N,12506.8426W,1176.65,0
7/28/19,10:20:57,61,61-7,196,4423.8448N,12514.1991W,1594.76,0
7/28/19,10:38:40,61,61-7,196,4423.8216N,12514.6026W,1643.96,669.74
7/28/19,17:16:18,63,NH1,197,4443.8447N,12409.7156W,62.77,69.45
7/28/19,17:25:46,63,NH1,197,4443.8112N,12409.7238W,63.01,69.44
7/28/19,17:30:08,63,NH1,197,4443.7656N,12409.7437W,63.47,69.87
7/28/19,17:38:00,63,NH1,197,4443.8266N,12409.3401W,61.91,68.42
7/28/19,19:10:55,63,NH2,198,4443.8049N,12429.6864W,147.53,155.52
7/28/19,19:19:57,63,NH2,198,4443.8340N,12429.7346W,148.2,155.61
7/28/19,19:27:20,63,NH2,198,4443.8132N,12429.7556W,148.26,156.14
7/28/19,19:27:22,63,NH2,198,4443.8137N,12429.7559W,148.1,155.91
7/28/19,20:55:22,63,NH3,199,4443.7774N,12440.3745W,296.24,306.34
7/28/19,21:07:02,63,NH3,199,4443.7790N,12440.3515W,295.62,305.28
7/28/19,21:15:20,63,NH3,199,4443.7741N,12440.3519W,295.89,304.99
7/28/19,21:15:23,63,NH3,199,4443.7743N,12440.3529W,295.71,305.04
7/28/19,22:20:47,63,NH4,200,4443.8008N,12451.0142W,497.38,492.86
7/28/19,22:37:01,63,NH4,200,4443.8090N,12451.1027W,501.38,514.61
7/28/19,22:47:29,63,NH4,200,4443.7786N,12451.1579W,502.77,514.37
7/28/19,22:47:31,63,NH4,200,4443.7792N,12451.1584W,501.98,514.9
7/29/19,0:04:53,63,NH5,201,4443.7886N,12501.2788W,994.8,512.06
7/29/19,0:21:01,63,NH5,201,4443.7888N,12501.2846W,995.47,0
7/29/19,0:33:04,63,NH5,201,4443.7884N,12501.2851W,995.18,655.63
7/29/19,0:33:06,63,NH5,201,4443.7885N,12501.2849W,995.39,655.63
7/29/19,2:19:36,63,NH6,202,4443.8410N,12516.9210W,1665.74,513.36
7/29/19,2:34:21,63,NH6,202,4443.8409N,12516.9409W,1689.81,0
7/29/19,2:45:31,63,NH6,202,4443.8396N,12516.9704W,1699.98,0
7/29/19,2:45:34,63,NH6,202,4443.8398N,12516.9706W,1691.75,0
7/29/19,5:46:10,65,65-7,203,4503.8056N,12506.1682W,1487.48,593.42
7/29/19,6:03:47,65,65-7,203,4503.8573N,12506.5898W,1498.58,0
7/29/19,8:04:57,65,65-4,204,4503.8648N,12445.0075W,500.19,512.5
7/29/19,8:23:32,65,65-4,204,4503.8646N,12445.4203W,451.17,463
7/29/19,10:11:25,65,65-3,205,4503.8321N,12424.6124W,296.41,306.47
7/29/19,10:25:39,65,65-3,205,4503.8190N,12424.6267W,296.21,307.24
7/29/19,11:29:13,65,65-2,206,4503.7915N,12413.4653W,143.89,151.71
7/29/19,11:38:03,65,65-2,206,4503.7845N,12413.5068W,144.27,152.23
7/29/19,12:32:33,65,65-1,207,4503.8378N,12403.3990W,50.84,58.16
7/29/19,12:37:42,65,65-1,207,4503.8349N,12403.4085W,51.15,58.59
7/30/19,2:44:29,66,66-1,208,4513.8068N,12401.7113W,53.26,59.94
7/30/19,2:51:49,66,66-1,208,4513.8064N,12401.7110W,53.68,59.63
7/30/19,4:39:04,66,66-2,209,4513.8307N,12422.9343W,375.68,386.64
7/30/19,4:50:42,66,66-2,209,4513.8353N,12422.9685W,376.39,387.17
7/30/19,6:59:57,66,66-3,210,4513.8091N,12444.4119W,579.75,590.98
7/30/19,7:17:52,66,66-3,210,4513.7624N,12444.4360W,582.4,597.73
7/30/19,8:24:32,66,66-3.5,211,4513.7607N,12454.2125W,936.79,514.9
7/30/19,9:50:36,66,66-4,212,4513.8115N,12503.7594W,1482.34,513.94
7/30/19,10:09:52,66,66-4,212,4513.7807N,12503.7981W,1483.18,0
7/30/19,11:41:29,65,65-6,213,4503.6919N,12458.7790W,1083.47,514.32
7/30/19,12:00:46,65,65-6,213,4503.6596N,12458.8442W,1095.49,0
7/30/19,12:54:10,65,65-5,214,4503.7827N,12451.7133W,665.68,681.7
7/30/19,13:11:28,65,65-5,214,4503.7910N,12451.8123W,670.44,685.58
7/31/19,4:39:33,67,67-1,215,4523.7791N,12402.4377W,55.03,62.03
7/31/19,4:45:59,67,67-1,215,4523.7532N,12402.5476W,56.37,61.65
7/31/19,5:44:25,67,67-2,216,4523.8390N,12413.0590W,151.24,159.02
7/31/19,5:53:40,67,67-2,216,4523.8336N,12413.1838W,152.49,160.4
7/31/19,7:04:32,67,67-3,217,4523.7673N,12425.3568W,304.03,313.74
7/31/19,7:16:22,67,67-3,217,4523.7757N,12425.4497W,308,317.46
7/31/19,8:51:32,67,67-4,218,4523.7911N,12442.3762W,496.88,508.75
7/31/19,9:10:41,67,67-4,218,4523.7571N,12442.3272W,495.41,507.3
7/31/19,10:04:36,67,67-5,219,4523.8927N,12449.3648W,822.59,513.6
7/31/19,10:22:25,67,67-5,219,4523.9348N,12449.3638W,822.29,398.88
7/31/19,11:21:48,67,67-6,220,4523.9114N,12456.3785W,1181.84,0
7/31/19,11:39:57,67,67-6,220,4523.8272N,12456.3847W,1181.64,0
7/31/19,12:26:03,67,67-7,221,4523.8965N,12501.6982W,1471.47,513.89
7/31/19,12:42:11,67,67-7,221,4523.8849N,12501.7259W,1480.29,656.16
8/6/19,2:08:28,,,,4447.0452N,12416.2799W,107.24,113.76
8/6/19,8:26:18,69,69-6,222,4543.8329N,12456.1697W,1464.6,513.22
8/6/19,8:45:28,69,69-6,222,4543.8157N,12456.3065W,1477.85,0
8/6/19,9:22:18,69,69-5,223,4543.8593N,12453.7615W,1090.34,513.84
8/6/19,9:40:00,69,69-5,223,4543.8714N,12453.8229W,1091.46,0
8/6/19,10:37:29,69,69-4,224,4543.8935N,12446.4686W,475.71,487.15
8/6/19,10:54:20,69,69-4,224,4543.8355N,12446.5306W,488.69,498.62
8/6/19,11:42:52,69,69-3,225,4543.3515N,12444.6647W,631.64,326.22
8/6/19,11:56:47,69,69-3,225,4543.3511N,12444.6649W,632.21,333
8/6/19,14:02:50,69,69-2,226,4543.9050N,12422.5007W,148.94,157.07
8/6/19,14:11:45,69,69-2,226,4543.8758N,12422.5282W,149.33,157.26
8/6/19,16:08:04,69,69-1,227,4543.8242N,12400.4016W,48.25,54.53
8/6/19,16:13:12,69,69-1,227,4543.7916N,12400.4138W,48.3,55.06
8/7/19,3:47:10,71,71-6,228,4603.7807N,12504.6613W,1475.77,513.5
8/7/19,4:02:33,71,71-6,228,4603.7515N,12504.7605W,1470.3,598.51
8/7/19,5:00:42,71,71-5,229,4603.8339N,12457.5027W,1254.11,512.26
8/7/19,5:17:59,71,71-5,229,4603.8255N,12457.5988W,1251.4,324.43
8/7/19,6:08:21,71,71-4,230,4603.8567N,12450.4012W,473.61,484.46
8/7/19,6:27:57,71,71-4,230,4603.8476N,12450.3583W,473.32,485.14
8/7/19,7:15:56,71,71-3,231,4603.8238N,12442.9023W,253.64,263.17
8/7/19,7:28:12,71,71-3,231,4603.7925N,12442.8697W,252.27,260.95
8/7/19,8:17:18,71,71-2,232,4603.7909N,12435.5248W,157.34,165.02
8/7/19,8:27:03,71,71-2,232,4603.7806N,12435.5535W,157.27,165.26
8/7/19,11:06:15,71,71-1,233,4603.8312N,12403.9252W,53.11,59.74
8/7/19,11:11:55,71,71-1,233,4603.8037N,12403.9781W,53.45,60.46
8/8/19,4:25:27,71,73-1,234,4623.8646N,12414.5396W,53.35,59.84
8/8/19,4:31:28,71,73-1,234,4623.8657N,12414.5384W,53.32,59.71
8/8/19,5:54:03,71,73-2,235,4623.6082N,12433.0904W,149.01,156.84
8/8/19,6:02:38,71,73-2,235,4623.5629N,12433.1711W,150.11,157.92
8/8/19,6:45:12,71,73-4,236,4623.7039N,12435.8547W,473.02,486.05
8/8/19,7:04:48,71,73-4,236,4623.6889N,12435.9398W,494.27,504.29
8/8/19,8:02:02,73,73-5,237,4623.8566N,12442.9070W,1244.96,512.26
8/8/19,8:19:04,73,73-5,237,4623.8134N,12442.9374W,1245.01,0
8/8/19,9:19:22,73,73-6,238,4623.9157N,12450.1869W,501.33,513.41
8/8/19,9:36:21,73,73-6,238,4623.9236N,12450.1934W,-0.03,636.72
8/8/19,10:29:49,73,73-7,239,4623.9699N,12457.3336W,1117.43,513.41
8/8/19,10:46:49,73,73-7,239,4624.0064N,12457.3271W,1116.61,0
8/9/19,2:35:32,75,75-7,240,4643.8385N,12514.9149W,919.89,513.22
8/9/19,2:51:16,75,75-7,240,4643.8358N,12514.9211W,919.49,0
8/9/19,3:42:17,75,75-6,241,4643.8658N,12507.6545W,870.6,512.16
8/9/19,4:38:50,75,75-6,241,4643.8823N,12500.3456W,660.32,675.77
8/9/19,4:53:06,75,75-5,242,4643.8728N,12500.3773W,660.29,675.49
8/9/19,5:07:53,75,75-5,242,4643.8440N,12500.3726W,660.81,676.25
8/9/19,5:57:31,75,75-4,243,4643.7718N,12452.9798W,528.11,540.82
8/9/19,6:12:09,75,75-4,243,4643.7323N,12453.0123W,536.74,549.31
8/9/19,6:56:44,75,75-3,244,4643.8163N,12450.6662W,330.82,340.37
8/9/19,7:10:17,75,75-3,244,4643.8019N,12450.6931W,335.14,344.88
8/9/19,8:00:05,75,75-2,245,4643.7910N,12442.7763W,155.39,162.84
8/9/19,8:08:38,75,75-2,245,4643.7958N,12442.7898W,155.35,163.24
8/9/19,10:18:37,75,75-1,246,4643.8419N,12416.2743W,50.73,57.56
8/9/19,10:27:10,75,75-1,246,4643.8442N,12416.2607W,50.78,57.57
8/10/19,5:47:17,77,77-1,247,4703.7953N,12423.7879W,53.05,59.23
8/10/19,5:51:35,77,77-1,247,4703.8068N,12423.8030W,53.06,59.52
8/10/19,7:43:58,77,77-2,248,4703.8350N,12452.2358W,153.87,161.47
8/10/19,7:53:30,77,77-2,248,4703.8354N,12452.2593W,153.91,161.57
8/10/19,8:36:50,77,77-4,249,4703.8388N,12458.0039W,621.65,632.26
8/10/19,8:57:59,77,77-4,249,4703.8676N,12458.0429W,600.8,612.48
8/10/19,9:50:17,77,77-5,250,4703.8822N,12505.2552W,1422.43,512.45
8/10/19,10:08:30,77,77-5,250,4703.9014N,12505.3222W,1422.83,0
8/10/19,10:58:59,77,77-6,251,4703.8652N,12512.9460W,484.9,513.98
8/10/19,11:16:00,77,77-6,251,4703.7889N,12513.1192W,13.72,0
8/11/19,2:35:45,79,79-8,252,4723.8300N,12518.5764W,1445.6,511.3
8/11/19,2:51:33,79,79-8,252,4723.8300N,12518.5765W,1445.53,0
8/11/19,3:42:37,79,79-7,253,4723.8292N,12511.3191W,699.6,714.97
8/11/19,3:57:08,79,79-7,253,4723.7793N,12511.2614W,706.32,722.2
8/11/19,5:05:17,79,79-6,254,4723.8116N,12503.9177W,1261.53,512.11
8/11/19,5:21:11,79,79-6,254,4723.8227N,12503.9124W,1259.93,0
8/11/19,6:11:34,79,79-5,255,4723.8526N,12456.5003W,1130.45,513.46
8/11/19,6:26:13,79,79-5,255,4723.8471N,12456.5339W,1120.27,0
8/11/19,7:19:50,79,79-4,256,4723.7601N,12449.2945W,468.39,465.79
8/11/19,7:35:24,79,79-4,256,4723.7588N,12449.3038W,474.65,484.18
8/11/19,8:04:36,79,79-2,257,4723.8587N,12446.4327W,144.85,152.11
8/11/19,8:13:34,79,79-2,257,4723.8445N,12446.4334W,145.02,152.5
8/11/19,9:26:37,79,79-1,258,4723.9017N,12432.3802W,52.26,58.99
8/11/19,9:32:11,79,79-1,258,4723.9032N,12432.3847W,52.23,58.85
8/12/19,5:04:28,80,80-1,259,4733.8036N,12436.1036W,52.51,58.9
8/12/19,5:08:55,80,80-1,259,4733.8031N,12436.0857W,52.32,58.69
8/12/19,6:50:29,80,80-2,260,4733.8034N,12458.3079W,183.94,192.21
8/12/19,7:00:23,80,80-2,260,4733.7922N,12458.3104W,184.07,192.47
8/12/19,8:44:22,80,80-3,261,4733.7722N,12520.5924W,907.24,514.42
8/12/19,9:03:03,80,80-3,261,4733.7281N,12520.6696W,911.47,0
8/13/19,3:03:17,78,78-0,262,4713.8477N,12454.4731W,583.43,597.89
8/13/19,3:21:30,78,78-0,262,4713.8479N,12454.4731W,583.88,597.98
8/13/19,4:56:04,77,77-0,263,4703.8155N,12458.0686W,637.94,652.32
8/13/19,5:10:39,77,77-0,263,4703.8151N,12458.0689W,636.31,650.93
8/14/19,2:37:50,81,81-1,264,4743.7720N,12440.8231W,53.73,60.32
8/14/19,2:42:01,81,81-1,264,4743.7721N,12440.8226W,53.72,59.21
8/14/19,4:12:12,81,81-2,265,4743.8387N,12501.4037W,155.82,164.02
8/14/19,4:18:38,81,81-2,265,4743.8277N,12501.4179W,156,163.49
8/14/19,5:03:46,81,81-3,266,4743.8460N,12506.1140W,397.76,408.96
8/14/19,5:13:06,81,81-3,266,4743.8426N,12506.1463W,401.25,411.02
8/14/19,6:52:50,81,81-5,267,4743.8656N,12514.8318W,782.83,514.75
8/14/19,7:11:07,81,81-5,267,4743.8843N,12514.8265W,781.56,0
8/14/19,8:33:25,81,81-7,268,4743.8113N,12529.4878W,978.45,0
8/14/19,8:52:11,81,81-7,268,4743.7668N,12529.4745W,980.01,0
8/14/19,8:52:45,81,81-7,268,4743.7696N,12529.4798W,979.96,0
8/14/19,10:11:55,81,81-9,269,4743.9398N,12544.5533W,1121.42,514.37
8/14/19,10:30:47,81,81-9,269,4744.0053N,12544.6224W,1125.14,0
8/15/19,6:28:23,83,83-10,270,4803.8048N,12556.3288W,986.45,515.33
8/15/19,6:45:46,83,83-10,270,4803.8073N,12556.4184W,996.12,0
8/15/19,7:40:45,83,83-9,271,4803.8149N,12548.7250W,729.86,0
8/15/19,7:57:19,83,83-9,271,4803.8174N,12548.7803W,726.07,741.4
8/15/19,9:18:08,83,83-8,272,4803.7669N,12541.3453W,561.17,567.94
8/15/19,9:18:11,83,83-8,272,4803.7670N,12541.3456W,562.1,568.7
8/15/19,10:12:58,83,83-7,273,4803.8119N,12536.4712W,322.69,331.54
8/15/19,10:27:49,83,83-7,273,4803.8380N,12536.4723W,324,334.9
8/15/19,11:11:24,83,83-6,274,4803.8602N,12530.6153W,151.34,159.14
8/15/19,11:19:59,83,83-6,274,4803.8435N,12530.5917W,151.01,158.42
8/15/19,12:05:15,83,83-5,275,4803.8853N,12523.2157W,137.33,145.12
8/15/19,12:15:00,83,83-5,275,4803.8839N,12523.2078W,137.32,144.81
8/16/19,7:30:48,85,85-15,276,4823.5843N,12625.7865W,1244.56,0
8/16/19,7:50:22,85,85-15,276,4823.4746N,12625.9628W,1256.44,0
8/16/19,9:22:12,85,85-14,277,4823.6812N,12618.0136W,1109.99,704.78
8/16/19,9:39:36,85,85-14,277,4823.6101N,12618.1857W,1124.12,0
8/16/19,10:47:41,85,85-13,278,4823.7918N,12614.4609W,940.01,0
8/16/19,11:06:13,85,85-13,278,4823.7030N,12614.6595W,938.87,0
8/16/19,13:24:53,85,85-11,279,4823.7167N,12558.7772W,335.97,347.1
8/16/19,13:41:24,85,85-11,279,4823.6474N,12558.8996W,309.18,321.07
8/17/19,7:07:11,85,85-1,280,4823.9288N,12446.6949W,147.87,155.42
8/17/19,7:16:06,85,85-1,280,4823.9707N,12446.7016W,150.5,156.8
8/17/19,8:15:12,85,85-3,281,4823.9021N,12457.3500W,257.55,266.98
8/17/19,8:28:07,85,85-3,281,4823.9204N,12457.3456W,260,268.95
8/17/19,9:46:26,85,85-5,282,4823.8400N,12512.1754W,177.24,185.09
8/17/19,9:57:26,85,85-5,282,4823.8390N,12512.1748W,177.1,184.83
8/17/19,11:56:26,85,85-8,283,4823.6765N,12534.6825W,134.57,142.06
8/17/19,12:03:52,85,85-8,283,4823.6511N,12534.7553W,133.21,141.34
8/18/19,8:25:47,86,86-4,284,4833.8342N,12547.7181W,80.46,87.59
8/18/19,8:30:48,86,86-4,284,4833.8478N,12547.7158W,80.26,87.31
8/18/19,10:17:57,86,86-5,285,4833.8124N,12610.3758W,353.24,364.18
8/18/19,10:27:25,86,86-5,285,4833.8115N,12610.3756W,353.43,362.83
8/18/19,12:20:37,86,86-6,286,4833.8146N,12633.0039W,1382.96,512.98
8/19/19,0:03:25,85,85-0,287,4823.8817N,12528.3910W,129.99,137.22
8/19/19,0:13:46,85,85-0,287,4823.8818N,12528.3907W,130.2,137
8/19/19,1:40:13,84,84-2,288,4813.8612N,12513.8489W,127.72,137.51
8/19/19,1:46:56,84,84-2,288,4813.8492N,12513.8340W,127.93,134.92
8/19/19,3:31:10,84,84-3,289,4813.7792N,12536.2188W,190.24,198.77
8/19/19,3:39:06,84,84-3,289,4813.7787N,12536.2197W,189.86,199.06
8/19/19,5:40:11,84,84-4,290,4813.8241N,12558.7019W,666.79,682.77
8/19/19,5:54:51,84,84-4,290,4813.8238N,12558.6995W,666.47,681.02
8/19/19,8:34:12,84,84-5,291,4813.8325N,12621.0088W,501.32,512.88